{"DefaultTint":{"r":0.6000000238418579,"g":0.6000000238418579,"b":0.699999988079071,"a":0.699999988079071},"FoldersData":{"Keys":["9c1c859932fb1d047b04a11bbdb23333","b595ff989aa0fd44f837e3b597eac55f"],"Values":[{"_guid":"9c1c859932fb1d047b04a11bbdb23333","_color":{"r":0.800000011920929,"g":0.458879679441452,"b":0.24000000953674317,"a":0.699999988079071},"_recursive":true},{"_guid":"b595ff989aa0fd44f837e3b597eac55f","_color":{"r":0.24000000953674317,"g":0.7618151307106018,"b":0.800000011920929,"a":0.699999988079071},"_recursive":true}]}}