{"DefaultTint":{"r":0.6000000238418579,"g":0.6000000238418579,"b":0.699999988079071,"a":0.699999988079071},"FoldersData":{"Keys":["9c1c859932fb1d047b04a11bbdb23333","b595ff989aa0fd44f837e3b597eac55f"],"Values":[{"_guid":"9c1c859932fb1d047b04a11bbdb23333","_color":{"r":0.43867921829223635,"g":1.0,"b":0.9842987656593323,"a":0.699999988079071},"_recursive":true},{"_guid":"b595ff989aa0fd44f837e3b597eac55f","_color":{"r":0.800000011920929,"g":0.2392156571149826,"b":0.2730939984321594,"a":0.699999988079071},"_recursive":true}]}}